日付,節気名,時刻
2024/01/06,小寒,2024/01/06 05:49:22
2024/01/20,大寒,2024/01/20 23:07:20
2024/02/04,立春,2024/02/04 17:27:07
2024/02/19,雨水,2024/02/19 13:13:10
2024/03/05,啓蟄,2024/03/05 11:22:46
2024/03/20,春分,2024/03/20 12:06:24
2024/04/04,清明,2024/04/04 16:02:17
2024/04/19,穀雨,2024/04/19 22:59:45
2024/05/05,立夏,2024/05/05 09:10:05
2024/05/20,小満,2024/05/20 21:59:30
2024/06/05,芒種,2024/06/05 13:09:53
2024/06/21,夏至,2024/06/21 05:50:59
2024/07/06,小暑,2024/07/06 23:20:03
2024/07/22,大暑,2024/07/22 16:44:25
2024/08/07,立秋,2024/08/07 09:09:16
2024/08/22,処暑,2024/08/22 23:55:02
2024/09/07,白露,2024/09/07 12:11:20
2024/09/22,秋分,2024/09/22 21:43:39
2024/10/08,寒露,2024/10/08 03:59:57
2024/10/23,霜降,2024/10/23 07:14:44
2024/11/07,立冬,2024/11/07 07:20:04
2024/11/22,小雪,2024/11/22 04:56:29
2024/12/07,大雪,2024/12/07 00:17:02
2024/12/21,冬至,2024/12/21 18:20:34
